{"_0":{"success":1,"pagination":{"current_page":1,"per_page":100000000,"count":5,"first_nbr":0,"nbrpages":1},"count":5,"result":{"0":{"category_name":"Caf\u00e9","id_store":"8","name":"Squaremeal Review of Sen Nin 2","address":"11524 67 St NW, Edmonton, AB T5B 1L7, Canada","latitude":"53.569011633055","longitude":"-113.4443359375","category_id":"2","status":"1","images":{"0":{"full":{"name":"full.jpg","path":"\/var\/sentora\/hostdata\/droideve\/public_html\/droideve_com\/smartgeostore\/uploads\/images\/1489439833106\/full.jpg","url":"https:\/\/droideve.com\/smartgeostore\/uploads\/images\/1489439833106\/full.jpg","ext":"jpg"},"100_100":{"name":"100_100.jpeg","path":"\/var\/sentora\/hostdata\/droideve\/public_html\/droideve_com\/smartgeostore\/uploads\/images\/1489439833106\/100_100.jpeg","url":"https:\/\/droideve.com\/smartgeostore\/uploads\/images\/1489439833106\/100_100.jpeg","ext":"jpeg"},"560_560":{"name":"560_560.jpeg","path":"\/var\/sentora\/hostdata\/droideve\/public_html\/droideve_com\/smartgeostore\/uploads\/images\/1489439833106\/560_560.jpeg","url":"https:\/\/droideve.com\/smartgeostore\/uploads\/images\/1489439833106\/560_560.jpeg","ext":"jpeg"},"200_200":{"name":"200_200.jpeg","path":"\/var\/sentora\/hostdata\/droideve\/public_html\/droideve_com\/smartgeostore\/uploads\/images\/1489439833106\/200_200.jpeg","url":"https:\/\/droideve.com\/smartgeostore\/uploads\/images\/1489439833106\/200_200.jpeg","ext":"jpeg"},"name":"1489439833106"},"1":{"full":{"name":"full.jpg","path":"\/var\/sentora\/hostdata\/droideve\/public_html\/droideve_com\/smartgeostore\/uploads\/images\/148943984534016\/full.jpg","url":"https:\/\/droideve.com\/smartgeostore\/uploads\/images\/148943984534016\/full.jpg","ext":"jpg"},"100_100":{"name":"100_100.jpeg","path":"\/var\/sentora\/hostdata\/droideve\/public_html\/droideve_com\/smartgeostore\/uploads\/images\/148943984534016\/100_100.jpeg","url":"https:\/\/droideve.com\/smartgeostore\/uploads\/images\/148943984534016\/100_100.jpeg","ext":"jpeg"},"560_560":{"name":"560_560.jpeg","path":"\/var\/sentora\/hostdata\/droideve\/public_html\/droideve_com\/smartgeostore\/uploads\/images\/148943984534016\/560_560.jpeg","url":"https:\/\/droideve.com\/smartgeostore\/uploads\/images\/148943984534016\/560_560.jpeg","ext":"jpeg"},"200_200":{"name":"200_200.jpeg","path":"\/var\/sentora\/hostdata\/droideve\/public_html\/droideve_com\/smartgeostore\/uploads\/images\/148943984534016\/200_200.jpeg","url":"https:\/\/droideve.com\/smartgeostore\/uploads\/images\/148943984534016\/200_200.jpeg","ext":"jpeg"},"name":"148943984534016"}},"detail":"&lt;p&gt;You wouldn&rsquo;t want to conduct a confidential business meeting at this \nsnazzy teppanyaki joint, or, for that matter, a smoochy first date. Sen \nNin is, however, perfect for a fun night out with\n  friends, &amp;amp; children will love it. Diners sit at shared tables \nfitted with a large hotplate, which acts as a stage for well-rehearsed \nchefs to pull off their culinary stunts: flipping, tossing,\n  flaming &amp;amp; juggling steak, prawns&lt;\/p&gt;","telephone":"02035443901","city":"","user_id":"53","voted":false,"nbr_votes":"1","votes":4},"1":{"category_name":"Caf\u00e9","id_store":"6","name":"Red's True Barbecue","address":" 54-56 Great Eastern Street, London ","latitude":"39.388644226912","longitude":"-101.623046875","category_id":"2","status":"1","images":{"0":{"full":{"name":"full.jpg","path":"\/var\/sentora\/hostdata\/droideve\/public_html\/droideve_com\/smartgeostore\/uploads\/images\/148943861326376\/full.jpg","url":"https:\/\/droideve.com\/smartgeostore\/uploads\/images\/148943861326376\/full.jpg","ext":"jpg"},"100_100":{"name":"100_100.jpeg","path":"\/var\/sentora\/hostdata\/droideve\/public_html\/droideve_com\/smartgeostore\/uploads\/images\/148943861326376\/100_100.jpeg","url":"https:\/\/droideve.com\/smartgeostore\/uploads\/images\/148943861326376\/100_100.jpeg","ext":"jpeg"},"560_560":{"name":"560_560.jpeg","path":"\/var\/sentora\/hostdata\/droideve\/public_html\/droideve_com\/smartgeostore\/uploads\/images\/148943861326376\/560_560.jpeg","url":"https:\/\/droideve.com\/smartgeostore\/uploads\/images\/148943861326376\/560_560.jpeg","ext":"jpeg"},"200_200":{"name":"200_200.jpeg","path":"\/var\/sentora\/hostdata\/droideve\/public_html\/droideve_com\/smartgeostore\/uploads\/images\/148943861326376\/200_200.jpeg","url":"https:\/\/droideve.com\/smartgeostore\/uploads\/images\/148943861326376\/200_200.jpeg","ext":"jpeg"},"name":148943861326376},"1":{"full":{"name":"full.jpg","path":"\/var\/sentora\/hostdata\/droideve\/public_html\/droideve_com\/smartgeostore\/uploads\/images\/148943862193698\/full.jpg","url":"https:\/\/droideve.com\/smartgeostore\/uploads\/images\/148943862193698\/full.jpg","ext":"jpg"},"100_100":{"name":"100_100.jpeg","path":"\/var\/sentora\/hostdata\/droideve\/public_html\/droideve_com\/smartgeostore\/uploads\/images\/148943862193698\/100_100.jpeg","url":"https:\/\/droideve.com\/smartgeostore\/uploads\/images\/148943862193698\/100_100.jpeg","ext":"jpeg"},"560_560":{"name":"560_560.jpeg","path":"\/var\/sentora\/hostdata\/droideve\/public_html\/droideve_com\/smartgeostore\/uploads\/images\/148943862193698\/560_560.jpeg","url":"https:\/\/droideve.com\/smartgeostore\/uploads\/images\/148943862193698\/560_560.jpeg","ext":"jpeg"},"200_200":{"name":"200_200.jpeg","path":"\/var\/sentora\/hostdata\/droideve\/public_html\/droideve_com\/smartgeostore\/uploads\/images\/148943862193698\/200_200.jpeg","url":"https:\/\/droideve.com\/smartgeostore\/uploads\/images\/148943862193698\/200_200.jpeg","ext":"jpeg"},"name":148943862193698}},"detail":"&lt;p&gt;The first London outpost of a chain started in Leeds, this isn't just \nany old rib and burger joint &ndash; it's a veritable church of meat. An \nevangelical theme pervades the marketing material, menus and decor, but \nignore all the talk about 'places of worship' and 'pilgrimages' and head\n straight for the 'low and slow' star turn &ndash; the pit burger &lt;br&gt;&lt;\/p&gt;&lt;ul class=&quot;mRightFix&quot;&gt;&lt;li id=&quot;defaultpage_0_content_0_midcol_0_liCuisine&quot;&gt;\n                &lt;strong&gt;Cuisine:&lt;\/strong&gt;\n                &lt;a href=&quot;https:\/\/www.squaremeal.co.uk\/restaurants\/london\/moorgate-liverpool-street\/north-american&quot; title=&quot;North American&quot; itemprop=&quot;servesCuisine&quot;&gt;North American&lt;\/a&gt; &lt;a href=&quot;https:\/\/www.squaremeal.co.uk\/restaurants\/london\/moorgate-liverpool-street\/burgers&quot; title=&quot;Burgers&quot; itemprop=&quot;servesCuisine&quot;&gt;Burgers&lt;\/a&gt;&lt;\/li&gt;&lt;p style=&quot;&quot; class=&quot;&quot; id=&quot;defaultpage_0_content_0_midcol_0_liCuisine&quot;&gt;&lt;br&gt;&lt;\/p&gt;&lt;li id=&quot;defaultpage_0_content_0_midcol_0_liArea&quot;&gt;\n                &lt;strong&gt;Area:&lt;\/strong&gt;\n                &lt;a id=&quot;defaultpage_0_content_0_midcol_0_lnkDetailsLondonArea&quot; href=&quot;https:\/\/www.squaremeal.co.uk\/restaurants\/london\/moorgate-liverpool-street&quot;&gt;Moorgate Liverpool Street&lt;\/a&gt;&lt;\/li&gt;&lt;p style=&quot;&quot; class=&quot;&quot; id=&quot;defaultpage_0_content_0_midcol_0_liArea&quot;&gt;&lt;br&gt;&lt;\/p&gt;&lt;li id=&quot;defaultpage_0_content_0_midcol_0_liPrice&quot;&gt;&lt;strong&gt;Price:&lt;\/strong&gt;\n                &lt;span itemprop=&quot;priceRange&quot; class=&quot;infoicon isPrice&quot; title=&quot;The Square Meal price reflects the estimated cost for one person ordering three courses, or the equivalent cost of a full meal in a sharing-plates or tapas restaurant. No drinks or service charge have been added. Where there is a difference between the lunch price and the dinner price, or an obligatory menu of four courses or more, we quote the higher price.\n\n&pound;   Less than &pound;16\n&pound;&pound;   &pound;16-&pound;33\n&pound;&pound;&pound;   &pound;33-&pound;43\n&pound;&pound;&pound;&pound;   &pound;43-&pound;61\n&pound;&pound;&pound;&pound;&pound;   More than &pound;61&quot;&gt;&pound;&pound;\n                &lt;\/span&gt;&lt;\/li&gt;&lt;\/ul&gt;&lt;p&gt;&lt;br&gt;&lt;\/p&gt;&lt;ul class=&quot;mRightFix&quot;&gt;&lt;li id=&quot;defaultpage_0_content_0_midcol_0_liWine&quot;&gt;&lt;strong&gt;Wine:&lt;\/strong&gt;\n                &lt;span class=&quot;infoicon&quot; title=&quot;Price of a bottle of house wine or the cheapest on the wine list.&quot;&gt;&pound;18\n                &lt;\/span&gt;&lt;\/li&gt;&lt;\/ul&gt;&lt;p&gt;&lt;br&gt;&lt;\/p&gt;&lt;ul class=&quot;mRightFix&quot;&gt;&lt;li id=&quot;defaultpage_0_content_0_midcol_0_liChampagne&quot;&gt;&lt;strong&gt;Champagne:&lt;\/strong&gt;\n                &lt;span class=&quot;infoicon&quot; title=&quot;Price of a bottle of house Champagne or the cheapest on the wine list. This does not include sparkling wine, Cava or Prosecco.&quot;&gt;&pound;45\n                &lt;\/span&gt;&lt;\/li&gt;&lt;\/ul&gt;","telephone":"02030212302","city":"","user_id":"53","voted":false,"nbr_votes":"0","votes":0},"2":{"category_name":"Caf\u00e9","id_store":"7","name":"Squaremeal Review of Sen Nin","address":"5 Pratt Street, London NW1 0BG","latitude":"46.152424377523","longitude":"2.7470703125","category_id":"2","status":"1","images":{"0":{"full":{"name":"full.jpg","path":"\/var\/sentora\/hostdata\/droideve\/public_html\/droideve_com\/smartgeostore\/uploads\/images\/148943899476926\/full.jpg","url":"https:\/\/droideve.com\/smartgeostore\/uploads\/images\/148943899476926\/full.jpg","ext":"jpg"},"100_100":{"name":"100_100.jpeg","path":"\/var\/sentora\/hostdata\/droideve\/public_html\/droideve_com\/smartgeostore\/uploads\/images\/148943899476926\/100_100.jpeg","url":"https:\/\/droideve.com\/smartgeostore\/uploads\/images\/148943899476926\/100_100.jpeg","ext":"jpeg"},"560_560":{"name":"560_560.jpeg","path":"\/var\/sentora\/hostdata\/droideve\/public_html\/droideve_com\/smartgeostore\/uploads\/images\/148943899476926\/560_560.jpeg","url":"https:\/\/droideve.com\/smartgeostore\/uploads\/images\/148943899476926\/560_560.jpeg","ext":"jpeg"},"200_200":{"name":"200_200.jpeg","path":"\/var\/sentora\/hostdata\/droideve\/public_html\/droideve_com\/smartgeostore\/uploads\/images\/148943899476926\/200_200.jpeg","url":"https:\/\/droideve.com\/smartgeostore\/uploads\/images\/148943899476926\/200_200.jpeg","ext":"jpeg"},"name":"148943899476926"},"1":{"full":{"name":"full.jpg","path":"\/var\/sentora\/hostdata\/droideve\/public_html\/droideve_com\/smartgeostore\/uploads\/images\/148943900059952\/full.jpg","url":"https:\/\/droideve.com\/smartgeostore\/uploads\/images\/148943900059952\/full.jpg","ext":"jpg"},"100_100":{"name":"100_100.jpeg","path":"\/var\/sentora\/hostdata\/droideve\/public_html\/droideve_com\/smartgeostore\/uploads\/images\/148943900059952\/100_100.jpeg","url":"https:\/\/droideve.com\/smartgeostore\/uploads\/images\/148943900059952\/100_100.jpeg","ext":"jpeg"},"560_560":{"name":"560_560.jpeg","path":"\/var\/sentora\/hostdata\/droideve\/public_html\/droideve_com\/smartgeostore\/uploads\/images\/148943900059952\/560_560.jpeg","url":"https:\/\/droideve.com\/smartgeostore\/uploads\/images\/148943900059952\/560_560.jpeg","ext":"jpeg"},"200_200":{"name":"200_200.jpeg","path":"\/var\/sentora\/hostdata\/droideve\/public_html\/droideve_com\/smartgeostore\/uploads\/images\/148943900059952\/200_200.jpeg","url":"https:\/\/droideve.com\/smartgeostore\/uploads\/images\/148943900059952\/200_200.jpeg","ext":"jpeg"},"name":"148943900059952"}},"detail":"&lt;p align=&quot;center&quot;&gt;&lt;font color=&quot;#333333&quot;&gt;You wouldn&rsquo;t want to conduct a confidential business meeting at this \nsnazzy teppanyaki joint, or, for that matter, a smoochy first date. Sen \nNin is, however, perfect for a fun night out with\n  friends, &amp;amp; children will love it. Diners sit at shared tables \nfitted with a large hotplate, which acts as a stage for well-rehearsed \nchefs to pull off their culinary stunts: flipping, tossing,\n  flaming &amp;amp; juggling steak, prawns &amp;amp; vegetables before your \neyes. It&rsquo;s certainly entertaining &amp;amp; the food doesn&rsquo;t suffer. We&rsquo;d \nsuggest avoiding starters &amp;amp; the average puds, &amp;amp;\n  sticking to set menus (around &pound;20 for your choice of meat or fish, \nveg, rice &amp;amp; miso soup). Otherwise, bills can get out of control. \nLunchtime set meals offer good value, too.\n&lt;\/font&gt;&lt;\/p&gt;","telephone":"02035443901","city":"","user_id":"53","voted":false,"nbr_votes":"0","votes":0},"3":{"category_name":"Parfumerie","id_store":"5","name":"Beauty Success","address":"Rue Abdelkrim Ra\u00efsse, Casablanca 20250, Maroc","latitude":"33.5666054302","longitude":"-7.62840080261","category_id":"4","status":"1","images":{"0":{"full":{"name":"full.jpg","path":"\/var\/sentora\/hostdata\/droideve\/public_html\/droideve_com\/smartgeostore\/uploads\/images\/14886565052423\/full.jpg","url":"https:\/\/droideve.com\/smartgeostore\/uploads\/images\/14886565052423\/full.jpg","ext":"jpg"},"100_100":{"name":"100_100.jpeg","path":"\/var\/sentora\/hostdata\/droideve\/public_html\/droideve_com\/smartgeostore\/uploads\/images\/14886565052423\/100_100.jpeg","url":"https:\/\/droideve.com\/smartgeostore\/uploads\/images\/14886565052423\/100_100.jpeg","ext":"jpeg"},"560_560":{"name":"560_560.jpeg","path":"\/var\/sentora\/hostdata\/droideve\/public_html\/droideve_com\/smartgeostore\/uploads\/images\/14886565052423\/560_560.jpeg","url":"https:\/\/droideve.com\/smartgeostore\/uploads\/images\/14886565052423\/560_560.jpeg","ext":"jpeg"},"200_200":{"name":"200_200.jpeg","path":"\/var\/sentora\/hostdata\/droideve\/public_html\/droideve_com\/smartgeostore\/uploads\/images\/14886565052423\/200_200.jpeg","url":"https:\/\/droideve.com\/smartgeostore\/uploads\/images\/14886565052423\/200_200.jpeg","ext":"jpeg"},"name":14886565052423}},"detail":"&lt;p&gt;&lt;i&gt;Beauty Success est une ancienne enseigne de la ville. Cette &lt;a href=&quot;https:\/\/casablanca.madeinmedina.com\/fr\/parfumerie.html&quot;&gt;parfumerie&lt;\/a&gt; de luxe propose toute une gamme de produits de grandes marques pour embellir les femmes comme les hommes.&amp;nbsp;&lt;\/i&gt;&lt;br&gt;&lt;\/p&gt;","telephone":"+212522958146","city":"","user_id":"54","voted":false,"nbr_votes":"0","votes":0},"4":{"category_name":"Shopping","id_store":"1","name":"Bershka ","address":"67 Boulevard Al Massira Al Khadra, Maarif 20250, Maroc","latitude":"33.5867222","longitude":"-7.6379646","category_id":"1","status":"1","images":{"0":{"100_100":{"name":"100_100.png","path":"\/var\/sentora\/hostdata\/droideve\/public_html\/droideve_com\/smartgeostore\/uploads\/images\/148829545738139\/100_100.png","url":"https:\/\/droideve.com\/smartgeostore\/uploads\/images\/148829545738139\/100_100.png","ext":"png"},"200_200":{"name":"200_200.png","path":"\/var\/sentora\/hostdata\/droideve\/public_html\/droideve_com\/smartgeostore\/uploads\/images\/148829545738139\/200_200.png","url":"https:\/\/droideve.com\/smartgeostore\/uploads\/images\/148829545738139\/200_200.png","ext":"png"},"560_560":{"name":"560_560.png","path":"\/var\/sentora\/hostdata\/droideve\/public_html\/droideve_com\/smartgeostore\/uploads\/images\/148829545738139\/560_560.png","url":"https:\/\/droideve.com\/smartgeostore\/uploads\/images\/148829545738139\/560_560.png","ext":"png"},"full":{"name":"full.png","path":"\/var\/sentora\/hostdata\/droideve\/public_html\/droideve_com\/smartgeostore\/uploads\/images\/148829545738139\/full.png","url":"https:\/\/droideve.com\/smartgeostore\/uploads\/images\/148829545738139\/full.png","ext":"png"},"name":"148829545738139"}},"detail":"&lt;p&gt;&lt;b&gt;Bershka &lt;\/b&gt;a &eacute;t&eacute; cr&eacute;&eacute;e en 1998 comme une nouvelle marque de groupe &lt;i&gt;Inditex&lt;\/i&gt;,\n avec un nouveau format de magasin qui r&eacute;pond aux exigences d'un secteur\n jeune int&eacute;ress&eacute; et tr&egrave;s bien inform&eacute; sur les nouvelles tendances. \n&lt;b&gt;Bershka &lt;\/b&gt;est pr&eacute;sent&eacute; comme un point de r&eacute;f&eacute;rence avant-gardiste ce de \nplus en plus exigeant et, en deux ans seulement, a atteint 100 \n&eacute;tablissements consolider son image de marque....&lt;\/p&gt;","telephone":" 0522947290 ","city":"","user_id":"53","voted":false,"nbr_votes":"8","votes":4.125}}},"_-2":{"success":1,"pagination":{"current_page":1,"per_page":100000000,"count":5,"first_nbr":0,"nbrpages":1},"count":5,"result":{"0":{"sumRating":"4.125","nbrRates":"8","category_name":"Shopping","id_store":"1","name":"Bershka ","address":"67 Boulevard Al Massira Al Khadra, Maarif 20250, Maroc","latitude":"33.5867222","longitude":"-7.6379646","category_id":"1","status":"1","images":{"0":{"100_100":{"name":"100_100.png","path":"\/var\/sentora\/hostdata\/droideve\/public_html\/droideve_com\/smartgeostore\/uploads\/images\/148829545738139\/100_100.png","url":"https:\/\/droideve.com\/smartgeostore\/uploads\/images\/148829545738139\/100_100.png","ext":"png"},"200_200":{"name":"200_200.png","path":"\/var\/sentora\/hostdata\/droideve\/public_html\/droideve_com\/smartgeostore\/uploads\/images\/148829545738139\/200_200.png","url":"https:\/\/droideve.com\/smartgeostore\/uploads\/images\/148829545738139\/200_200.png","ext":"png"},"560_560":{"name":"560_560.png","path":"\/var\/sentora\/hostdata\/droideve\/public_html\/droideve_com\/smartgeostore\/uploads\/images\/148829545738139\/560_560.png","url":"https:\/\/droideve.com\/smartgeostore\/uploads\/images\/148829545738139\/560_560.png","ext":"png"},"full":{"name":"full.png","path":"\/var\/sentora\/hostdata\/droideve\/public_html\/droideve_com\/smartgeostore\/uploads\/images\/148829545738139\/full.png","url":"https:\/\/droideve.com\/smartgeostore\/uploads\/images\/148829545738139\/full.png","ext":"png"},"name":"148829545738139"}},"detail":"&lt;p&gt;&lt;b&gt;Bershka &lt;\/b&gt;a &eacute;t&eacute; cr&eacute;&eacute;e en 1998 comme une nouvelle marque de groupe &lt;i&gt;Inditex&lt;\/i&gt;,\n avec un nouveau format de magasin qui r&eacute;pond aux exigences d'un secteur\n jeune int&eacute;ress&eacute; et tr&egrave;s bien inform&eacute; sur les nouvelles tendances. \n&lt;b&gt;Bershka &lt;\/b&gt;est pr&eacute;sent&eacute; comme un point de r&eacute;f&eacute;rence avant-gardiste ce de \nplus en plus exigeant et, en deux ans seulement, a atteint 100 \n&eacute;tablissements consolider son image de marque....&lt;\/p&gt;","telephone":" 0522947290 ","city":"","user_id":"53","voted":false,"nbr_votes":"8","votes":4.125},"1":{"sumRating":"4","nbrRates":"1","category_name":"Caf\u00e9","id_store":"8","name":"Squaremeal Review of Sen Nin 2","address":"11524 67 St NW, Edmonton, AB T5B 1L7, Canada","latitude":"53.569011633055","longitude":"-113.4443359375","category_id":"2","status":"1","images":{"0":{"full":{"name":"full.jpg","path":"\/var\/sentora\/hostdata\/droideve\/public_html\/droideve_com\/smartgeostore\/uploads\/images\/1489439833106\/full.jpg","url":"https:\/\/droideve.com\/smartgeostore\/uploads\/images\/1489439833106\/full.jpg","ext":"jpg"},"100_100":{"name":"100_100.jpeg","path":"\/var\/sentora\/hostdata\/droideve\/public_html\/droideve_com\/smartgeostore\/uploads\/images\/1489439833106\/100_100.jpeg","url":"https:\/\/droideve.com\/smartgeostore\/uploads\/images\/1489439833106\/100_100.jpeg","ext":"jpeg"},"560_560":{"name":"560_560.jpeg","path":"\/var\/sentora\/hostdata\/droideve\/public_html\/droideve_com\/smartgeostore\/uploads\/images\/1489439833106\/560_560.jpeg","url":"https:\/\/droideve.com\/smartgeostore\/uploads\/images\/1489439833106\/560_560.jpeg","ext":"jpeg"},"200_200":{"name":"200_200.jpeg","path":"\/var\/sentora\/hostdata\/droideve\/public_html\/droideve_com\/smartgeostore\/uploads\/images\/1489439833106\/200_200.jpeg","url":"https:\/\/droideve.com\/smartgeostore\/uploads\/images\/1489439833106\/200_200.jpeg","ext":"jpeg"},"name":"1489439833106"},"1":{"full":{"name":"full.jpg","path":"\/var\/sentora\/hostdata\/droideve\/public_html\/droideve_com\/smartgeostore\/uploads\/images\/148943984534016\/full.jpg","url":"https:\/\/droideve.com\/smartgeostore\/uploads\/images\/148943984534016\/full.jpg","ext":"jpg"},"100_100":{"name":"100_100.jpeg","path":"\/var\/sentora\/hostdata\/droideve\/public_html\/droideve_com\/smartgeostore\/uploads\/images\/148943984534016\/100_100.jpeg","url":"https:\/\/droideve.com\/smartgeostore\/uploads\/images\/148943984534016\/100_100.jpeg","ext":"jpeg"},"560_560":{"name":"560_560.jpeg","path":"\/var\/sentora\/hostdata\/droideve\/public_html\/droideve_com\/smartgeostore\/uploads\/images\/148943984534016\/560_560.jpeg","url":"https:\/\/droideve.com\/smartgeostore\/uploads\/images\/148943984534016\/560_560.jpeg","ext":"jpeg"},"200_200":{"name":"200_200.jpeg","path":"\/var\/sentora\/hostdata\/droideve\/public_html\/droideve_com\/smartgeostore\/uploads\/images\/148943984534016\/200_200.jpeg","url":"https:\/\/droideve.com\/smartgeostore\/uploads\/images\/148943984534016\/200_200.jpeg","ext":"jpeg"},"name":"148943984534016"}},"detail":"&lt;p&gt;You wouldn&rsquo;t want to conduct a confidential business meeting at this \nsnazzy teppanyaki joint, or, for that matter, a smoochy first date. Sen \nNin is, however, perfect for a fun night out with\n  friends, &amp;amp; children will love it. Diners sit at shared tables \nfitted with a large hotplate, which acts as a stage for well-rehearsed \nchefs to pull off their culinary stunts: flipping, tossing,\n  flaming &amp;amp; juggling steak, prawns&lt;\/p&gt;","telephone":"02035443901","city":"","user_id":"53","voted":false,"nbr_votes":"1","votes":4},"2":{"sumRating":null,"nbrRates":"0","category_name":"Caf\u00e9","id_store":"6","name":"Red's True Barbecue","address":" 54-56 Great Eastern Street, London ","latitude":"39.388644226912","longitude":"-101.623046875","category_id":"2","status":"1","images":{"0":{"full":{"name":"full.jpg","path":"\/var\/sentora\/hostdata\/droideve\/public_html\/droideve_com\/smartgeostore\/uploads\/images\/148943861326376\/full.jpg","url":"https:\/\/droideve.com\/smartgeostore\/uploads\/images\/148943861326376\/full.jpg","ext":"jpg"},"100_100":{"name":"100_100.jpeg","path":"\/var\/sentora\/hostdata\/droideve\/public_html\/droideve_com\/smartgeostore\/uploads\/images\/148943861326376\/100_100.jpeg","url":"https:\/\/droideve.com\/smartgeostore\/uploads\/images\/148943861326376\/100_100.jpeg","ext":"jpeg"},"560_560":{"name":"560_560.jpeg","path":"\/var\/sentora\/hostdata\/droideve\/public_html\/droideve_com\/smartgeostore\/uploads\/images\/148943861326376\/560_560.jpeg","url":"https:\/\/droideve.com\/smartgeostore\/uploads\/images\/148943861326376\/560_560.jpeg","ext":"jpeg"},"200_200":{"name":"200_200.jpeg","path":"\/var\/sentora\/hostdata\/droideve\/public_html\/droideve_com\/smartgeostore\/uploads\/images\/148943861326376\/200_200.jpeg","url":"https:\/\/droideve.com\/smartgeostore\/uploads\/images\/148943861326376\/200_200.jpeg","ext":"jpeg"},"name":148943861326376},"1":{"full":{"name":"full.jpg","path":"\/var\/sentora\/hostdata\/droideve\/public_html\/droideve_com\/smartgeostore\/uploads\/images\/148943862193698\/full.jpg","url":"https:\/\/droideve.com\/smartgeostore\/uploads\/images\/148943862193698\/full.jpg","ext":"jpg"},"100_100":{"name":"100_100.jpeg","path":"\/var\/sentora\/hostdata\/droideve\/public_html\/droideve_com\/smartgeostore\/uploads\/images\/148943862193698\/100_100.jpeg","url":"https:\/\/droideve.com\/smartgeostore\/uploads\/images\/148943862193698\/100_100.jpeg","ext":"jpeg"},"560_560":{"name":"560_560.jpeg","path":"\/var\/sentora\/hostdata\/droideve\/public_html\/droideve_com\/smartgeostore\/uploads\/images\/148943862193698\/560_560.jpeg","url":"https:\/\/droideve.com\/smartgeostore\/uploads\/images\/148943862193698\/560_560.jpeg","ext":"jpeg"},"200_200":{"name":"200_200.jpeg","path":"\/var\/sentora\/hostdata\/droideve\/public_html\/droideve_com\/smartgeostore\/uploads\/images\/148943862193698\/200_200.jpeg","url":"https:\/\/droideve.com\/smartgeostore\/uploads\/images\/148943862193698\/200_200.jpeg","ext":"jpeg"},"name":148943862193698}},"detail":"&lt;p&gt;The first London outpost of a chain started in Leeds, this isn't just \nany old rib and burger joint &ndash; it's a veritable church of meat. An \nevangelical theme pervades the marketing material, menus and decor, but \nignore all the talk about 'places of worship' and 'pilgrimages' and head\n straight for the 'low and slow' star turn &ndash; the pit burger &lt;br&gt;&lt;\/p&gt;&lt;ul class=&quot;mRightFix&quot;&gt;&lt;li id=&quot;defaultpage_0_content_0_midcol_0_liCuisine&quot;&gt;\n                &lt;strong&gt;Cuisine:&lt;\/strong&gt;\n                &lt;a href=&quot;https:\/\/www.squaremeal.co.uk\/restaurants\/london\/moorgate-liverpool-street\/north-american&quot; title=&quot;North American&quot; itemprop=&quot;servesCuisine&quot;&gt;North American&lt;\/a&gt; &lt;a href=&quot;https:\/\/www.squaremeal.co.uk\/restaurants\/london\/moorgate-liverpool-street\/burgers&quot; title=&quot;Burgers&quot; itemprop=&quot;servesCuisine&quot;&gt;Burgers&lt;\/a&gt;&lt;\/li&gt;&lt;p style=&quot;&quot; class=&quot;&quot; id=&quot;defaultpage_0_content_0_midcol_0_liCuisine&quot;&gt;&lt;br&gt;&lt;\/p&gt;&lt;li id=&quot;defaultpage_0_content_0_midcol_0_liArea&quot;&gt;\n                &lt;strong&gt;Area:&lt;\/strong&gt;\n                &lt;a id=&quot;defaultpage_0_content_0_midcol_0_lnkDetailsLondonArea&quot; href=&quot;https:\/\/www.squaremeal.co.uk\/restaurants\/london\/moorgate-liverpool-street&quot;&gt;Moorgate Liverpool Street&lt;\/a&gt;&lt;\/li&gt;&lt;p style=&quot;&quot; class=&quot;&quot; id=&quot;defaultpage_0_content_0_midcol_0_liArea&quot;&gt;&lt;br&gt;&lt;\/p&gt;&lt;li id=&quot;defaultpage_0_content_0_midcol_0_liPrice&quot;&gt;&lt;strong&gt;Price:&lt;\/strong&gt;\n                &lt;span itemprop=&quot;priceRange&quot; class=&quot;infoicon isPrice&quot; title=&quot;The Square Meal price reflects the estimated cost for one person ordering three courses, or the equivalent cost of a full meal in a sharing-plates or tapas restaurant. No drinks or service charge have been added. Where there is a difference between the lunch price and the dinner price, or an obligatory menu of four courses or more, we quote the higher price.\n\n&pound;   Less than &pound;16\n&pound;&pound;   &pound;16-&pound;33\n&pound;&pound;&pound;   &pound;33-&pound;43\n&pound;&pound;&pound;&pound;   &pound;43-&pound;61\n&pound;&pound;&pound;&pound;&pound;   More than &pound;61&quot;&gt;&pound;&pound;\n                &lt;\/span&gt;&lt;\/li&gt;&lt;\/ul&gt;&lt;p&gt;&lt;br&gt;&lt;\/p&gt;&lt;ul class=&quot;mRightFix&quot;&gt;&lt;li id=&quot;defaultpage_0_content_0_midcol_0_liWine&quot;&gt;&lt;strong&gt;Wine:&lt;\/strong&gt;\n                &lt;span class=&quot;infoicon&quot; title=&quot;Price of a bottle of house wine or the cheapest on the wine list.&quot;&gt;&pound;18\n                &lt;\/span&gt;&lt;\/li&gt;&lt;\/ul&gt;&lt;p&gt;&lt;br&gt;&lt;\/p&gt;&lt;ul class=&quot;mRightFix&quot;&gt;&lt;li id=&quot;defaultpage_0_content_0_midcol_0_liChampagne&quot;&gt;&lt;strong&gt;Champagne:&lt;\/strong&gt;\n                &lt;span class=&quot;infoicon&quot; title=&quot;Price of a bottle of house Champagne or the cheapest on the wine list. This does not include sparkling wine, Cava or Prosecco.&quot;&gt;&pound;45\n                &lt;\/span&gt;&lt;\/li&gt;&lt;\/ul&gt;","telephone":"02030212302","city":"","user_id":"53","voted":false,"nbr_votes":"0","votes":0},"3":{"sumRating":null,"nbrRates":"0","category_name":"Caf\u00e9","id_store":"7","name":"Squaremeal Review of Sen Nin","address":"5 Pratt Street, London NW1 0BG","latitude":"46.152424377523","longitude":"2.7470703125","category_id":"2","status":"1","images":{"0":{"full":{"name":"full.jpg","path":"\/var\/sentora\/hostdata\/droideve\/public_html\/droideve_com\/smartgeostore\/uploads\/images\/148943899476926\/full.jpg","url":"https:\/\/droideve.com\/smartgeostore\/uploads\/images\/148943899476926\/full.jpg","ext":"jpg"},"100_100":{"name":"100_100.jpeg","path":"\/var\/sentora\/hostdata\/droideve\/public_html\/droideve_com\/smartgeostore\/uploads\/images\/148943899476926\/100_100.jpeg","url":"https:\/\/droideve.com\/smartgeostore\/uploads\/images\/148943899476926\/100_100.jpeg","ext":"jpeg"},"560_560":{"name":"560_560.jpeg","path":"\/var\/sentora\/hostdata\/droideve\/public_html\/droideve_com\/smartgeostore\/uploads\/images\/148943899476926\/560_560.jpeg","url":"https:\/\/droideve.com\/smartgeostore\/uploads\/images\/148943899476926\/560_560.jpeg","ext":"jpeg"},"200_200":{"name":"200_200.jpeg","path":"\/var\/sentora\/hostdata\/droideve\/public_html\/droideve_com\/smartgeostore\/uploads\/images\/148943899476926\/200_200.jpeg","url":"https:\/\/droideve.com\/smartgeostore\/uploads\/images\/148943899476926\/200_200.jpeg","ext":"jpeg"},"name":"148943899476926"},"1":{"full":{"name":"full.jpg","path":"\/var\/sentora\/hostdata\/droideve\/public_html\/droideve_com\/smartgeostore\/uploads\/images\/148943900059952\/full.jpg","url":"https:\/\/droideve.com\/smartgeostore\/uploads\/images\/148943900059952\/full.jpg","ext":"jpg"},"100_100":{"name":"100_100.jpeg","path":"\/var\/sentora\/hostdata\/droideve\/public_html\/droideve_com\/smartgeostore\/uploads\/images\/148943900059952\/100_100.jpeg","url":"https:\/\/droideve.com\/smartgeostore\/uploads\/images\/148943900059952\/100_100.jpeg","ext":"jpeg"},"560_560":{"name":"560_560.jpeg","path":"\/var\/sentora\/hostdata\/droideve\/public_html\/droideve_com\/smartgeostore\/uploads\/images\/148943900059952\/560_560.jpeg","url":"https:\/\/droideve.com\/smartgeostore\/uploads\/images\/148943900059952\/560_560.jpeg","ext":"jpeg"},"200_200":{"name":"200_200.jpeg","path":"\/var\/sentora\/hostdata\/droideve\/public_html\/droideve_com\/smartgeostore\/uploads\/images\/148943900059952\/200_200.jpeg","url":"https:\/\/droideve.com\/smartgeostore\/uploads\/images\/148943900059952\/200_200.jpeg","ext":"jpeg"},"name":"148943900059952"}},"detail":"&lt;p align=&quot;center&quot;&gt;&lt;font color=&quot;#333333&quot;&gt;You wouldn&rsquo;t want to conduct a confidential business meeting at this \nsnazzy teppanyaki joint, or, for that matter, a smoochy first date. Sen \nNin is, however, perfect for a fun night out with\n  friends, &amp;amp; children will love it. Diners sit at shared tables \nfitted with a large hotplate, which acts as a stage for well-rehearsed \nchefs to pull off their culinary stunts: flipping, tossing,\n  flaming &amp;amp; juggling steak, prawns &amp;amp; vegetables before your \neyes. It&rsquo;s certainly entertaining &amp;amp; the food doesn&rsquo;t suffer. We&rsquo;d \nsuggest avoiding starters &amp;amp; the average puds, &amp;amp;\n  sticking to set menus (around &pound;20 for your choice of meat or fish, \nveg, rice &amp;amp; miso soup). Otherwise, bills can get out of control. \nLunchtime set meals offer good value, too.\n&lt;\/font&gt;&lt;\/p&gt;","telephone":"02035443901","city":"","user_id":"53","voted":false,"nbr_votes":"0","votes":0},"4":{"sumRating":null,"nbrRates":"0","category_name":"Parfumerie","id_store":"5","name":"Beauty Success","address":"Rue Abdelkrim Ra\u00efsse, Casablanca 20250, Maroc","latitude":"33.5666054302","longitude":"-7.62840080261","category_id":"4","status":"1","images":{"0":{"full":{"name":"full.jpg","path":"\/var\/sentora\/hostdata\/droideve\/public_html\/droideve_com\/smartgeostore\/uploads\/images\/14886565052423\/full.jpg","url":"https:\/\/droideve.com\/smartgeostore\/uploads\/images\/14886565052423\/full.jpg","ext":"jpg"},"100_100":{"name":"100_100.jpeg","path":"\/var\/sentora\/hostdata\/droideve\/public_html\/droideve_com\/smartgeostore\/uploads\/images\/14886565052423\/100_100.jpeg","url":"https:\/\/droideve.com\/smartgeostore\/uploads\/images\/14886565052423\/100_100.jpeg","ext":"jpeg"},"560_560":{"name":"560_560.jpeg","path":"\/var\/sentora\/hostdata\/droideve\/public_html\/droideve_com\/smartgeostore\/uploads\/images\/14886565052423\/560_560.jpeg","url":"https:\/\/droideve.com\/smartgeostore\/uploads\/images\/14886565052423\/560_560.jpeg","ext":"jpeg"},"200_200":{"name":"200_200.jpeg","path":"\/var\/sentora\/hostdata\/droideve\/public_html\/droideve_com\/smartgeostore\/uploads\/images\/14886565052423\/200_200.jpeg","url":"https:\/\/droideve.com\/smartgeostore\/uploads\/images\/14886565052423\/200_200.jpeg","ext":"jpeg"},"name":14886565052423}},"detail":"&lt;p&gt;&lt;i&gt;Beauty Success est une ancienne enseigne de la ville. Cette &lt;a href=&quot;https:\/\/casablanca.madeinmedina.com\/fr\/parfumerie.html&quot;&gt;parfumerie&lt;\/a&gt; de luxe propose toute une gamme de produits de grandes marques pour embellir les femmes comme les hommes.&amp;nbsp;&lt;\/i&gt;&lt;br&gt;&lt;\/p&gt;","telephone":"+212522958146","city":"","user_id":"54","voted":false,"nbr_votes":"0","votes":0}}},"_-3":{"success":1,"pagination":{"current_page":1,"per_page":100000000,"count":5,"first_nbr":0,"nbrpages":1},"count":5,"result":{"0":{"category_name":"Caf\u00e9","id_store":"8","name":"Squaremeal Review of Sen Nin 2","address":"11524 67 St NW, Edmonton, AB T5B 1L7, Canada","latitude":"53.569011633055","longitude":"-113.4443359375","category_id":"2","status":"1","images":{"0":{"full":{"name":"full.jpg","path":"\/var\/sentora\/hostdata\/droideve\/public_html\/droideve_com\/smartgeostore\/uploads\/images\/1489439833106\/full.jpg","url":"https:\/\/droideve.com\/smartgeostore\/uploads\/images\/1489439833106\/full.jpg","ext":"jpg"},"100_100":{"name":"100_100.jpeg","path":"\/var\/sentora\/hostdata\/droideve\/public_html\/droideve_com\/smartgeostore\/uploads\/images\/1489439833106\/100_100.jpeg","url":"https:\/\/droideve.com\/smartgeostore\/uploads\/images\/1489439833106\/100_100.jpeg","ext":"jpeg"},"560_560":{"name":"560_560.jpeg","path":"\/var\/sentora\/hostdata\/droideve\/public_html\/droideve_com\/smartgeostore\/uploads\/images\/1489439833106\/560_560.jpeg","url":"https:\/\/droideve.com\/smartgeostore\/uploads\/images\/1489439833106\/560_560.jpeg","ext":"jpeg"},"200_200":{"name":"200_200.jpeg","path":"\/var\/sentora\/hostdata\/droideve\/public_html\/droideve_com\/smartgeostore\/uploads\/images\/1489439833106\/200_200.jpeg","url":"https:\/\/droideve.com\/smartgeostore\/uploads\/images\/1489439833106\/200_200.jpeg","ext":"jpeg"},"name":"1489439833106"},"1":{"full":{"name":"full.jpg","path":"\/var\/sentora\/hostdata\/droideve\/public_html\/droideve_com\/smartgeostore\/uploads\/images\/148943984534016\/full.jpg","url":"https:\/\/droideve.com\/smartgeostore\/uploads\/images\/148943984534016\/full.jpg","ext":"jpg"},"100_100":{"name":"100_100.jpeg","path":"\/var\/sentora\/hostdata\/droideve\/public_html\/droideve_com\/smartgeostore\/uploads\/images\/148943984534016\/100_100.jpeg","url":"https:\/\/droideve.com\/smartgeostore\/uploads\/images\/148943984534016\/100_100.jpeg","ext":"jpeg"},"560_560":{"name":"560_560.jpeg","path":"\/var\/sentora\/hostdata\/droideve\/public_html\/droideve_com\/smartgeostore\/uploads\/images\/148943984534016\/560_560.jpeg","url":"https:\/\/droideve.com\/smartgeostore\/uploads\/images\/148943984534016\/560_560.jpeg","ext":"jpeg"},"200_200":{"name":"200_200.jpeg","path":"\/var\/sentora\/hostdata\/droideve\/public_html\/droideve_com\/smartgeostore\/uploads\/images\/148943984534016\/200_200.jpeg","url":"https:\/\/droideve.com\/smartgeostore\/uploads\/images\/148943984534016\/200_200.jpeg","ext":"jpeg"},"name":"148943984534016"}},"detail":"&lt;p&gt;You wouldn&rsquo;t want to conduct a confidential business meeting at this \nsnazzy teppanyaki joint, or, for that matter, a smoochy first date. Sen \nNin is, however, perfect for a fun night out with\n  friends, &amp;amp; children will love it. Diners sit at shared tables \nfitted with a large hotplate, which acts as a stage for well-rehearsed \nchefs to pull off their culinary stunts: flipping, tossing,\n  flaming &amp;amp; juggling steak, prawns&lt;\/p&gt;","telephone":"02035443901","city":"","user_id":"53","voted":false,"nbr_votes":"1","votes":4},"1":{"category_name":"Caf\u00e9","id_store":"7","name":"Squaremeal Review of Sen Nin","address":"5 Pratt Street, London NW1 0BG","latitude":"46.152424377523","longitude":"2.7470703125","category_id":"2","status":"1","images":{"0":{"full":{"name":"full.jpg","path":"\/var\/sentora\/hostdata\/droideve\/public_html\/droideve_com\/smartgeostore\/uploads\/images\/148943899476926\/full.jpg","url":"https:\/\/droideve.com\/smartgeostore\/uploads\/images\/148943899476926\/full.jpg","ext":"jpg"},"100_100":{"name":"100_100.jpeg","path":"\/var\/sentora\/hostdata\/droideve\/public_html\/droideve_com\/smartgeostore\/uploads\/images\/148943899476926\/100_100.jpeg","url":"https:\/\/droideve.com\/smartgeostore\/uploads\/images\/148943899476926\/100_100.jpeg","ext":"jpeg"},"560_560":{"name":"560_560.jpeg","path":"\/var\/sentora\/hostdata\/droideve\/public_html\/droideve_com\/smartgeostore\/uploads\/images\/148943899476926\/560_560.jpeg","url":"https:\/\/droideve.com\/smartgeostore\/uploads\/images\/148943899476926\/560_560.jpeg","ext":"jpeg"},"200_200":{"name":"200_200.jpeg","path":"\/var\/sentora\/hostdata\/droideve\/public_html\/droideve_com\/smartgeostore\/uploads\/images\/148943899476926\/200_200.jpeg","url":"https:\/\/droideve.com\/smartgeostore\/uploads\/images\/148943899476926\/200_200.jpeg","ext":"jpeg"},"name":"148943899476926"},"1":{"full":{"name":"full.jpg","path":"\/var\/sentora\/hostdata\/droideve\/public_html\/droideve_com\/smartgeostore\/uploads\/images\/148943900059952\/full.jpg","url":"https:\/\/droideve.com\/smartgeostore\/uploads\/images\/148943900059952\/full.jpg","ext":"jpg"},"100_100":{"name":"100_100.jpeg","path":"\/var\/sentora\/hostdata\/droideve\/public_html\/droideve_com\/smartgeostore\/uploads\/images\/148943900059952\/100_100.jpeg","url":"https:\/\/droideve.com\/smartgeostore\/uploads\/images\/148943900059952\/100_100.jpeg","ext":"jpeg"},"560_560":{"name":"560_560.jpeg","path":"\/var\/sentora\/hostdata\/droideve\/public_html\/droideve_com\/smartgeostore\/uploads\/images\/148943900059952\/560_560.jpeg","url":"https:\/\/droideve.com\/smartgeostore\/uploads\/images\/148943900059952\/560_560.jpeg","ext":"jpeg"},"200_200":{"name":"200_200.jpeg","path":"\/var\/sentora\/hostdata\/droideve\/public_html\/droideve_com\/smartgeostore\/uploads\/images\/148943900059952\/200_200.jpeg","url":"https:\/\/droideve.com\/smartgeostore\/uploads\/images\/148943900059952\/200_200.jpeg","ext":"jpeg"},"name":"148943900059952"}},"detail":"&lt;p align=&quot;center&quot;&gt;&lt;font color=&quot;#333333&quot;&gt;You wouldn&rsquo;t want to conduct a confidential business meeting at this \nsnazzy teppanyaki joint, or, for that matter, a smoochy first date. Sen \nNin is, however, perfect for a fun night out with\n  friends, &amp;amp; children will love it. Diners sit at shared tables \nfitted with a large hotplate, which acts as a stage for well-rehearsed \nchefs to pull off their culinary stunts: flipping, tossing,\n  flaming &amp;amp; juggling steak, prawns &amp;amp; vegetables before your \neyes. It&rsquo;s certainly entertaining &amp;amp; the food doesn&rsquo;t suffer. We&rsquo;d \nsuggest avoiding starters &amp;amp; the average puds, &amp;amp;\n  sticking to set menus (around &pound;20 for your choice of meat or fish, \nveg, rice &amp;amp; miso soup). Otherwise, bills can get out of control. \nLunchtime set meals offer good value, too.\n&lt;\/font&gt;&lt;\/p&gt;","telephone":"02035443901","city":"","user_id":"53","voted":false,"nbr_votes":"0","votes":0},"2":{"category_name":"Caf\u00e9","id_store":"6","name":"Red's True Barbecue","address":" 54-56 Great Eastern Street, London ","latitude":"39.388644226912","longitude":"-101.623046875","category_id":"2","status":"1","images":{"0":{"full":{"name":"full.jpg","path":"\/var\/sentora\/hostdata\/droideve\/public_html\/droideve_com\/smartgeostore\/uploads\/images\/148943861326376\/full.jpg","url":"https:\/\/droideve.com\/smartgeostore\/uploads\/images\/148943861326376\/full.jpg","ext":"jpg"},"100_100":{"name":"100_100.jpeg","path":"\/var\/sentora\/hostdata\/droideve\/public_html\/droideve_com\/smartgeostore\/uploads\/images\/148943861326376\/100_100.jpeg","url":"https:\/\/droideve.com\/smartgeostore\/uploads\/images\/148943861326376\/100_100.jpeg","ext":"jpeg"},"560_560":{"name":"560_560.jpeg","path":"\/var\/sentora\/hostdata\/droideve\/public_html\/droideve_com\/smartgeostore\/uploads\/images\/148943861326376\/560_560.jpeg","url":"https:\/\/droideve.com\/smartgeostore\/uploads\/images\/148943861326376\/560_560.jpeg","ext":"jpeg"},"200_200":{"name":"200_200.jpeg","path":"\/var\/sentora\/hostdata\/droideve\/public_html\/droideve_com\/smartgeostore\/uploads\/images\/148943861326376\/200_200.jpeg","url":"https:\/\/droideve.com\/smartgeostore\/uploads\/images\/148943861326376\/200_200.jpeg","ext":"jpeg"},"name":148943861326376},"1":{"full":{"name":"full.jpg","path":"\/var\/sentora\/hostdata\/droideve\/public_html\/droideve_com\/smartgeostore\/uploads\/images\/148943862193698\/full.jpg","url":"https:\/\/droideve.com\/smartgeostore\/uploads\/images\/148943862193698\/full.jpg","ext":"jpg"},"100_100":{"name":"100_100.jpeg","path":"\/var\/sentora\/hostdata\/droideve\/public_html\/droideve_com\/smartgeostore\/uploads\/images\/148943862193698\/100_100.jpeg","url":"https:\/\/droideve.com\/smartgeostore\/uploads\/images\/148943862193698\/100_100.jpeg","ext":"jpeg"},"560_560":{"name":"560_560.jpeg","path":"\/var\/sentora\/hostdata\/droideve\/public_html\/droideve_com\/smartgeostore\/uploads\/images\/148943862193698\/560_560.jpeg","url":"https:\/\/droideve.com\/smartgeostore\/uploads\/images\/148943862193698\/560_560.jpeg","ext":"jpeg"},"200_200":{"name":"200_200.jpeg","path":"\/var\/sentora\/hostdata\/droideve\/public_html\/droideve_com\/smartgeostore\/uploads\/images\/148943862193698\/200_200.jpeg","url":"https:\/\/droideve.com\/smartgeostore\/uploads\/images\/148943862193698\/200_200.jpeg","ext":"jpeg"},"name":148943862193698}},"detail":"&lt;p&gt;The first London outpost of a chain started in Leeds, this isn't just \nany old rib and burger joint &ndash; it's a veritable church of meat. An \nevangelical theme pervades the marketing material, menus and decor, but \nignore all the talk about 'places of worship' and 'pilgrimages' and head\n straight for the 'low and slow' star turn &ndash; the pit burger &lt;br&gt;&lt;\/p&gt;&lt;ul class=&quot;mRightFix&quot;&gt;&lt;li id=&quot;defaultpage_0_content_0_midcol_0_liCuisine&quot;&gt;\n                &lt;strong&gt;Cuisine:&lt;\/strong&gt;\n                &lt;a href=&quot;https:\/\/www.squaremeal.co.uk\/restaurants\/london\/moorgate-liverpool-street\/north-american&quot; title=&quot;North American&quot; itemprop=&quot;servesCuisine&quot;&gt;North American&lt;\/a&gt; &lt;a href=&quot;https:\/\/www.squaremeal.co.uk\/restaurants\/london\/moorgate-liverpool-street\/burgers&quot; title=&quot;Burgers&quot; itemprop=&quot;servesCuisine&quot;&gt;Burgers&lt;\/a&gt;&lt;\/li&gt;&lt;p style=&quot;&quot; class=&quot;&quot; id=&quot;defaultpage_0_content_0_midcol_0_liCuisine&quot;&gt;&lt;br&gt;&lt;\/p&gt;&lt;li id=&quot;defaultpage_0_content_0_midcol_0_liArea&quot;&gt;\n                &lt;strong&gt;Area:&lt;\/strong&gt;\n                &lt;a id=&quot;defaultpage_0_content_0_midcol_0_lnkDetailsLondonArea&quot; href=&quot;https:\/\/www.squaremeal.co.uk\/restaurants\/london\/moorgate-liverpool-street&quot;&gt;Moorgate Liverpool Street&lt;\/a&gt;&lt;\/li&gt;&lt;p style=&quot;&quot; class=&quot;&quot; id=&quot;defaultpage_0_content_0_midcol_0_liArea&quot;&gt;&lt;br&gt;&lt;\/p&gt;&lt;li id=&quot;defaultpage_0_content_0_midcol_0_liPrice&quot;&gt;&lt;strong&gt;Price:&lt;\/strong&gt;\n                &lt;span itemprop=&quot;priceRange&quot; class=&quot;infoicon isPrice&quot; title=&quot;The Square Meal price reflects the estimated cost for one person ordering three courses, or the equivalent cost of a full meal in a sharing-plates or tapas restaurant. No drinks or service charge have been added. Where there is a difference between the lunch price and the dinner price, or an obligatory menu of four courses or more, we quote the higher price.\n\n&pound;   Less than &pound;16\n&pound;&pound;   &pound;16-&pound;33\n&pound;&pound;&pound;   &pound;33-&pound;43\n&pound;&pound;&pound;&pound;   &pound;43-&pound;61\n&pound;&pound;&pound;&pound;&pound;   More than &pound;61&quot;&gt;&pound;&pound;\n                &lt;\/span&gt;&lt;\/li&gt;&lt;\/ul&gt;&lt;p&gt;&lt;br&gt;&lt;\/p&gt;&lt;ul class=&quot;mRightFix&quot;&gt;&lt;li id=&quot;defaultpage_0_content_0_midcol_0_liWine&quot;&gt;&lt;strong&gt;Wine:&lt;\/strong&gt;\n                &lt;span class=&quot;infoicon&quot; title=&quot;Price of a bottle of house wine or the cheapest on the wine list.&quot;&gt;&pound;18\n                &lt;\/span&gt;&lt;\/li&gt;&lt;\/ul&gt;&lt;p&gt;&lt;br&gt;&lt;\/p&gt;&lt;ul class=&quot;mRightFix&quot;&gt;&lt;li id=&quot;defaultpage_0_content_0_midcol_0_liChampagne&quot;&gt;&lt;strong&gt;Champagne:&lt;\/strong&gt;\n                &lt;span class=&quot;infoicon&quot; title=&quot;Price of a bottle of house Champagne or the cheapest on the wine list. This does not include sparkling wine, Cava or Prosecco.&quot;&gt;&pound;45\n                &lt;\/span&gt;&lt;\/li&gt;&lt;\/ul&gt;","telephone":"02030212302","city":"","user_id":"53","voted":false,"nbr_votes":"0","votes":0},"3":{"category_name":"Parfumerie","id_store":"5","name":"Beauty Success","address":"Rue Abdelkrim Ra\u00efsse, Casablanca 20250, Maroc","latitude":"33.5666054302","longitude":"-7.62840080261","category_id":"4","status":"1","images":{"0":{"full":{"name":"full.jpg","path":"\/var\/sentora\/hostdata\/droideve\/public_html\/droideve_com\/smartgeostore\/uploads\/images\/14886565052423\/full.jpg","url":"https:\/\/droideve.com\/smartgeostore\/uploads\/images\/14886565052423\/full.jpg","ext":"jpg"},"100_100":{"name":"100_100.jpeg","path":"\/var\/sentora\/hostdata\/droideve\/public_html\/droideve_com\/smartgeostore\/uploads\/images\/14886565052423\/100_100.jpeg","url":"https:\/\/droideve.com\/smartgeostore\/uploads\/images\/14886565052423\/100_100.jpeg","ext":"jpeg"},"560_560":{"name":"560_560.jpeg","path":"\/var\/sentora\/hostdata\/droideve\/public_html\/droideve_com\/smartgeostore\/uploads\/images\/14886565052423\/560_560.jpeg","url":"https:\/\/droideve.com\/smartgeostore\/uploads\/images\/14886565052423\/560_560.jpeg","ext":"jpeg"},"200_200":{"name":"200_200.jpeg","path":"\/var\/sentora\/hostdata\/droideve\/public_html\/droideve_com\/smartgeostore\/uploads\/images\/14886565052423\/200_200.jpeg","url":"https:\/\/droideve.com\/smartgeostore\/uploads\/images\/14886565052423\/200_200.jpeg","ext":"jpeg"},"name":14886565052423}},"detail":"&lt;p&gt;&lt;i&gt;Beauty Success est une ancienne enseigne de la ville. Cette &lt;a href=&quot;https:\/\/casablanca.madeinmedina.com\/fr\/parfumerie.html&quot;&gt;parfumerie&lt;\/a&gt; de luxe propose toute une gamme de produits de grandes marques pour embellir les femmes comme les hommes.&amp;nbsp;&lt;\/i&gt;&lt;br&gt;&lt;\/p&gt;","telephone":"+212522958146","city":"","user_id":"54","voted":false,"nbr_votes":"0","votes":0},"4":{"category_name":"Shopping","id_store":"1","name":"Bershka ","address":"67 Boulevard Al Massira Al Khadra, Maarif 20250, Maroc","latitude":"33.5867222","longitude":"-7.6379646","category_id":"1","status":"1","images":{"0":{"100_100":{"name":"100_100.png","path":"\/var\/sentora\/hostdata\/droideve\/public_html\/droideve_com\/smartgeostore\/uploads\/images\/148829545738139\/100_100.png","url":"https:\/\/droideve.com\/smartgeostore\/uploads\/images\/148829545738139\/100_100.png","ext":"png"},"200_200":{"name":"200_200.png","path":"\/var\/sentora\/hostdata\/droideve\/public_html\/droideve_com\/smartgeostore\/uploads\/images\/148829545738139\/200_200.png","url":"https:\/\/droideve.com\/smartgeostore\/uploads\/images\/148829545738139\/200_200.png","ext":"png"},"560_560":{"name":"560_560.png","path":"\/var\/sentora\/hostdata\/droideve\/public_html\/droideve_com\/smartgeostore\/uploads\/images\/148829545738139\/560_560.png","url":"https:\/\/droideve.com\/smartgeostore\/uploads\/images\/148829545738139\/560_560.png","ext":"png"},"full":{"name":"full.png","path":"\/var\/sentora\/hostdata\/droideve\/public_html\/droideve_com\/smartgeostore\/uploads\/images\/148829545738139\/full.png","url":"https:\/\/droideve.com\/smartgeostore\/uploads\/images\/148829545738139\/full.png","ext":"png"},"name":"148829545738139"}},"detail":"&lt;p&gt;&lt;b&gt;Bershka &lt;\/b&gt;a &eacute;t&eacute; cr&eacute;&eacute;e en 1998 comme une nouvelle marque de groupe &lt;i&gt;Inditex&lt;\/i&gt;,\n avec un nouveau format de magasin qui r&eacute;pond aux exigences d'un secteur\n jeune int&eacute;ress&eacute; et tr&egrave;s bien inform&eacute; sur les nouvelles tendances. \n&lt;b&gt;Bershka &lt;\/b&gt;est pr&eacute;sent&eacute; comme un point de r&eacute;f&eacute;rence avant-gardiste ce de \nplus en plus exigeant et, en deux ans seulement, a atteint 100 \n&eacute;tablissements consolider son image de marque....&lt;\/p&gt;","telephone":" 0522947290 ","city":"","user_id":"53","voted":false,"nbr_votes":"8","votes":4.125}}},"events":{"success":1,"pagination":{"current_page":1,"per_page":10000,"count":2,"first_nbr":0,"nbrpages":1},"count":2,"result":{"0":{"id_event":"1","name":"Lartiste Clandestino","address":"20 Rue de Quiberon, 78180 Montigny-le-Bretonneux, France","status":"1","images":{"0":{"full":{"name":"full.jpg","path":"\/var\/sentora\/hostdata\/droideve\/public_html\/droideve_com\/smartgeostore\/uploads\/images\/148865452261645\/full.jpg","url":"https:\/\/droideve.com\/smartgeostore\/uploads\/images\/148865452261645\/full.jpg","ext":"jpg"},"100_100":{"name":"100_100.jpeg","path":"\/var\/sentora\/hostdata\/droideve\/public_html\/droideve_com\/smartgeostore\/uploads\/images\/148865452261645\/100_100.jpeg","url":"https:\/\/droideve.com\/smartgeostore\/uploads\/images\/148865452261645\/100_100.jpeg","ext":"jpeg"},"560_560":{"name":"560_560.jpeg","path":"\/var\/sentora\/hostdata\/droideve\/public_html\/droideve_com\/smartgeostore\/uploads\/images\/148865452261645\/560_560.jpeg","url":"https:\/\/droideve.com\/smartgeostore\/uploads\/images\/148865452261645\/560_560.jpeg","ext":"jpeg"},"200_200":{"name":"200_200.jpeg","path":"\/var\/sentora\/hostdata\/droideve\/public_html\/droideve_com\/smartgeostore\/uploads\/images\/148865452261645\/200_200.jpeg","url":"https:\/\/droideve.com\/smartgeostore\/uploads\/images\/148865452261645\/200_200.jpeg","ext":"jpeg"},"name":148865452261645}},"lat":"48.768273","lng":"2.0113106","date_b":"2017-03-03","date_e":"2017-03-03","description":"&lt;div class=&quot;group-desc sharing-marg&quot;&gt; &lt;div class=&quot;desc&quot;&gt;\n&lt;p&gt;&lt;span&gt;L' Amstrong Official a le grand honneur de vous inviter tous &agrave; \nune soir&eacute;e qui promet d'&ecirc;tre chaude avec le seul et l'unique , celui \nqu'on ne pr&eacute;sente plus : &lt;font color=&quot;#ff3333&quot;&gt;&lt;b&gt;LARTISTE&lt;\/b&gt;&lt;\/font&gt; ! &lt;img src=&quot;emoticons\/smile.png&quot; data-sceditor-emoticon=&quot;:)&quot; alt=&quot;:)&quot; title=&quot;:)&quot;&gt;&amp;nbsp;&lt;\/span&gt;&lt;\/p&gt;&lt;p&gt;&lt;br&gt;&lt;span&gt;R&eacute;servez vite d&egrave;s maintenant ! L'Event de l'ann&eacute;e est pr&eacute;vue le 3 MARS.&amp;nbsp;&lt;\/span&gt;&lt;\/p&gt; &lt;\/div&gt;\n&lt;\/div&gt;","autres":"0","tel":"","website":"https:\/\/casablanca.madeinmedina.com\/fr\/amstrong-12175.html"},"1":{"id_event":"2","name":"The Guggenheim s YCC Party","address":"D524, 63700 La Crouzille, France","status":"1","images":{"0":{"full":{"name":"full.jpg","path":"\/var\/sentora\/hostdata\/droideve\/public_html\/droideve_com\/smartgeostore\/uploads\/images\/148944074347982\/full.jpg","url":"https:\/\/droideve.com\/smartgeostore\/uploads\/images\/148944074347982\/full.jpg","ext":"jpg"},"100_100":{"name":"100_100.jpeg","path":"\/var\/sentora\/hostdata\/droideve\/public_html\/droideve_com\/smartgeostore\/uploads\/images\/148944074347982\/100_100.jpeg","url":"https:\/\/droideve.com\/smartgeostore\/uploads\/images\/148944074347982\/100_100.jpeg","ext":"jpeg"},"560_560":{"name":"560_560.jpeg","path":"\/var\/sentora\/hostdata\/droideve\/public_html\/droideve_com\/smartgeostore\/uploads\/images\/148944074347982\/560_560.jpeg","url":"https:\/\/droideve.com\/smartgeostore\/uploads\/images\/148944074347982\/560_560.jpeg","ext":"jpeg"},"200_200":{"name":"200_200.jpeg","path":"\/var\/sentora\/hostdata\/droideve\/public_html\/droideve_com\/smartgeostore\/uploads\/images\/148944074347982\/200_200.jpeg","url":"https:\/\/droideve.com\/smartgeostore\/uploads\/images\/148944074347982\/200_200.jpeg","ext":"jpeg"},"name":"148944074347982"}},"lat":"46.152424377523","lng":"2.7470703125","date_b":"2017-03-13","date_e":"2017-03-15","description":"&lt;p&gt;On Thursday &lt;b&gt;the Guggenheim hosted their annual YCC&amp;nbsp;Party&lt;\/b&gt; to celebrate \nthe 20th Anniversary of the Young Collectors Council along with&amp;nbsp;the \nacquisition of over &lt;font color=&quot;#ff9933&quot;&gt;140 &lt;\/font&gt;works to the museum's private collection. The \nevening kicked off with cocktails and a&amp;nbsp;private dinner at &lt;font color=&quot;#ff6633&quot;&gt;The Wright \nrestaurant&lt;\/font&gt;. &lt;\/p&gt;","autres":"0","tel":"02245671123456","website":"http:\/\/guestofaguest.com\/new-york\/events\/inside-last-nights-"}}},"categories":{"success":1,"count":4,"result":{"0":{"id_category":"1","name":"Shopping","parent_id":"0"},"1":{"id_category":"2","name":"Caf\u00e9","parent_id":"0"},"2":{"id_category":"3","name":"Boulangerie","parent_id":"0"},"3":{"id_category":"4","name":"Parfumerie","parent_id":"0"}}}}